<?xml version="1.0" encoding="UTF-8"?>
<ti:module xmlns:ti="http://ti.appcelerator.org"
	xmlns:android="http://schemas.android.com/apk/res/android">
	<!-- Similar to tiapp.xml, but contains module/platform specific configuration 
		in <iphone> and <android> sections -->
	<iphone>
	</iphone>
	<android xmlns:android="http://schemas.android.com/apk/res/android">
		<manifest>
			<application>
				<service android:name="com.geoloqi.android.sdk.service.LQService" />
				
				<receiver
            	android:name="com.geoloqi.android.sdk.receiver.LQDeviceMessagingReceiver"
            	android:permission="com.google.android.c2dm.permission.SEND">
            	<intent-filter>
                	<action android:name="com.google.android.c2dm.intent.RECEIVE" />
                	<action android:name="com.google.android.c2dm.intent.REGISTRATION" />
                	<category android:name="ti.geoloqi" />
            	</intent-filter>
        		</receiver>
        		
			</application>
			<uses-permission android:name="android.permission.INTERNET" />
			<uses-permission android:name="android.permission.WAKE_LOCK" />
			<uses-permission android:name="android.permission.ACCESS_NETWORK_STATE" />
			<uses-permission android:name="android.permission.ACCESS_WIFI_STATE" />
			<uses-permission android:name="android.permission.ACCESS_COARSE_LOCATION" />
			<uses-permission android:name="android.permission.ACCESS_FINE_LOCATION" />

			<!-- NOTE: This permission should not be included for most production 
				applications. -->
			<uses-permission android:name="android.permission.ACCESS_MOCK_LOCATION" />

			<!-- NOTE: These permissions are required if you wish to enable C2DM support 
				in the Geoloqi SDK. -->
			<permission android:name="ti.geoloqi.permission.C2D_MESSAGE"
				android:protectionLevel="signature" />
			<uses-permission android:name="ti.geoloqi.permission.C2D_MESSAGE" />
			<uses-permission android:name="com.google.android.c2dm.permission.RECEIVE" />
		</manifest>
	</android>
</ti:module>
